{
  "hash": "17c135b8",
  "configHash": "bdc6e666",
  "lockfileHash": "78f3b3f8",
  "browserHash": "025c4d4c",
  "optimized": {
    "@angular/common": {
      "src": "../../../../../../node_modules/@angular/common/fesm2022/common.mjs",
      "file": "@angular_common.js",
      "fileHash": "1c465951",
      "needsInterop": false
    },
    "@angular/core": {
      "src": "../../../../../../node_modules/@angular/core/fesm2022/core.mjs",
      "file": "@angular_core.js",
      "fileHash": "24b0ec03",
      "needsInterop": false
    },
    "@angular/platform-browser": {
      "src": "../../../../../../node_modules/@angular/platform-browser/fesm2022/platform-browser.mjs",
      "file": "@angular_platform-browser.js",
      "fileHash": "32777ec9",
      "needsInterop": false
    },
    "@angular/router": {
      "src": "../../../../../../node_modules/@angular/router/fesm2022/router.mjs",
      "file": "@angular_router.js",
      "fileHash": "d195b649",
      "needsInterop": false
    }
  },
  "chunks": {
    "chunk-VNTUZENW": {
      "file": "chunk-VNTUZENW.js"
    },
    "chunk-IHBUS2L2": {
      "file": "chunk-IHBUS2L2.js"
    },
    "chunk-QDVODIJV": {
      "file": "chunk-QDVODIJV.js"
    }
  }
}